Product Title,Product Rating,Number of Reviews
"Nano Facial Steamer,Ionic Face Steamer for Personal Skin Care at Home or Salon, Spa, Professional Nano Ionic Facial Steamer for Deep Cleaning",4.5,17 ratings
"Jemz Smile Chewable Teeth Whitening Kit - 16 Treatments, Teeth Whitening Gum for Sensitive Teeth Enamel, Tooth Whitening Without Sensitivity",3.7,27 ratings
"ELEMIS Pro-Collagen Marine Cream SPF 30, Lightweight Anti-Wrinkle Daily Face Moisturizer Firms, Smoothes, Hydrates, & Delivers Sun Protection",4.7,"1,205 ratings"
"Gillette Mens Razor Blade Refills, 10 Fusion5 Cartridges, 2 ProGlide Cartridges, Lubrastrip for a More Comfortable Shave 12 Count(Pack of 1)",4.7,"20,097 ratings"
"MANSPOT Manscape Groin & Body Hair Trimmer for Men, Electric Ball Trimmer Pubic Trimmer Body Shaver, Replaceable Ceramic Blade Heads,Waterproof Wet/Dry Body Shaver Groomer,90 Minutes Shaving",4.4,"8,141 ratings"
"Small Scissors, Eyebrow Scissors, Nose Hair Scissors Round Tip Design, Will Not Hurt the Nasal Cavity. Professional Grooming Scissors for Hair, Eyelashes, Nose, Eyebrow Trimming, Mustache. - AsonTao",4.4,"1,935 ratings"
Mini Balsam Fir Lozenges Breath Freshner,Previous,Not Available
"3 in 1 Diamond Microdermabrasion Machine, Professional Microdermabrasion Device with Vacuum Spray, Beauty Facial Skin Care Dermabrasion Equipment for Salon Personal Home Use",4.2,99 ratings
DOVE MEN + CARE Fortifying 2-in-1 Shampoo and Conditioner Fresh and Clean with Caffeine 4 Count For Everyday Care Helps Strengthen and Nourish Hair 12 oz,4.6,"9,924 ratings"
